impact,count,mean_blosum,mean_grantham,mean_accept
critique,63,-2.1904761904761907,72.06349206349206,0.23594988991955076
drastique,218,-0.6238532110091743,79.45412844036697,0.4665922537403853
conservatrice,96,1.34375,37.114583333333336,0.7962277043440266
synonyme,123,0.0,0.0,1.0
